asuka	ASUKA	15393.58.0	Dell Chromebook 13 (3380)
asurada	HAYATO	15604.57.0	ASUS Chromebook Flip CM3200FM1A
asurada	SPHERION	15604.57.0	Acer Chromebook 514 (CB514-2H, CB514-2HT)
atlas	ATLAS	15604.57.0	Google Pixelbook Go
auron-paine	PAINE	13904.77.0	Acer Chromebook 11 (C740)
auron-yuna	YUNA	13904.77.0	Acer Chromebook 15 (CB5-571, C910)
banjo	BANJO	14092.77.0	Acer Chromebook 15 (CB3-531)
banon	BANON	14816.131.0	Acer Chromebook 15 (CB3-532)
bob	BOB	15509.81.0	ASUS Chromebook Flip C101PA
brask	AURASH	15604.57.0	AOpen Chromebox Commercial 3
brask	GLADIOS	15604.57.0	Chromebox Enterprise G4
brask	KINOX	15604.57.0	Lenovo ThinkCentre M60q Chromebox
brask	KULDAX	15604.57.0	ASUS Chromebox 5 (CN67), ASUS Chromebox Enterprise 5 (CN67)
brask	LISBON	15604.57.0	CTL Chromebox CBx3 / CTL Chromebox Enterprise CBx3
brask	LISBON	15604.57.0	Lisbon Development Product
brask	MOLI	15604.57.0	Acer Chromebox CXI5
brya	ANAHERA	15604.57.0	w/o Chrome Enterprise Upgrade: HP Elite c640 14 inch G3 Chromebook; with Chrome Enterprise Upgrade: HP Elite c640 14 inch G3 Chromebook Enterprise
brya	BANSHEE	15604.57.0	Framework Laptop Chromebook Edition
brya	CROTA	15604.57.0	Dell Latitude 5430 Chromebook
brya	CROTA360	15604.57.0	Dell Latitude 5430 2-in-1 Chromebook
brya	FELWINTER	15604.57.0	ASUS Chromebook Flip CX5(CX5601), ASUS Chromebook Enterprise Flip CX5(CX5601)
brya	GIMBLE	15604.57.0	Chromebook x360 14c-cd0
brya	KANO	15604.57.0	Acer Chromebook Spin 714  -- CP714-1WN / Acer Chromebook Enterprise Spin 714 -- CP714-1WN
brya	KANO	15604.57.0	Acer Chromebook Spin 714  -- CP714-2WN / Acer Chromebook Enterprise Spin 714 -- CP714-2WN
brya	MITHRAX	15604.57.0	ASUS Chromebook CX34 Flip (CX3401) / ASUS Chromebook CX34 Flip (CX3401FBA) / ASUS Chromebook Enterprise CB34 Flip (CB3401) /  ASUS Chromebook Enterprise CX34 Flip (CX3401)
brya	MITHRAX	15604.57.0	Asus Chromebook Vibe CX34 Flip (CX3401) / Asus Chromebook Vibe CX34 Flip (CX3401FBA)
brya	OMNIGUL	15604.57.0	Acer Chromebook Plus 515 (CB515-2H, CB515-2HT)
brya	OSIRIS	15604.57.0	Acer Chromebook 516 GE (CBG516-1H)
brya	PRIMUS	15604.57.0	ThinkPad C14 Gen 1 Chromebook
brya	REDRIX	15604.57.0	HP Elite Dragonfly Chromebook
brya	TAEKO	15604.57.0	IdeaPad Flex 5i Chromebook Plus (14", 7)
brya	TAEKO	15604.57.0	Lenovo Flex 5i Chromebook (14", 7)
brya	TAEKO	15604.57.0	Lenovo Flex 5i Chromebook 14"/IdeaPad Flex 5i Chromebook (14", 7)
brya	TANIKS	15604.57.0	IdeaPad Gaming Chromebook 16
brya	TARLO	15604.57.0	Lenovo 5i Chromebook 16"/IdeaPad 5i Chromebook (16", 7)
brya	VELL	15604.57.0	HP Dragonfly Pro Chromebook
brya	VOLMAR	15604.57.0	Acer Chromebook Vero 514
brya	ZAVALA	15604.57.0	Acer Chromebook Vero 712 (CV872, CV872T)
buddy	BUDDY	13904.77.0	Acer Chromebase 24
butterfly	BUTTERFLY	10323.62.0	HP Pavilion Chromebook 14
candy	CANDY	14092.77.0	Dell Chromebook 11 (3120)
caroline	CAROLINE	15393.58.0	Samsung Chromebook Pro
cave	CAVE	15393.58.0	ASUS Chromebook Flip C302
celes	CELES	14816.131.0	Samsung Chromebook 3
chell	CHELL	15393.58.0	HP Chromebook 13 G1
cherry	DOJO	15604.57.0	Chromebook x360 13b-ca0
cherry	TOMATO	15604.57.0	ACER Chromebook Spin 513 (CP513-2H), Acer Chromebook Enterprise Spin 513 (CP513-2H)
clapper	CLAPPER	12239.92.0	Lenovo N20 Chromebook
coral	ASTRONAUT	15604.57.0	Acer Chromebook 11 (C732, C732T, C732L, C732LT)
coral	BABYMEGA	15604.57.0	ASUS Chromebook C223
coral	BABYMEGA	15604.57.0	ASUS Chromebook CX1100CNA
coral	BABYTIGER	15604.57.0	ASUS Chromebook C523
coral	BABYTIGER	15604.57.0	ASUS Chromebook CX1500CNA
coral	BLACKTIP	15604.57.0	CTL chromebook NL7
coral	BLACKTIP	15604.57.0	Edxis Chromebook 11
coral	BLACKTIP	15604.57.0	Lanix Chromebook C116
coral	BLACKTIP	15604.57.0	Multilaser Chromebook M11C-PC912
coral	BLACKTIP	15604.57.0	Positivo Chromebook N2110
coral	BLACKTIP360	15604.57.0	CTL Chromebook NL7 / NL7T-360 / NL7TW-360
coral	BLACKTIP360	15604.57.0	Edxis Chromebook X11
coral	BLACKTIP360	15604.57.0	Lanix Chromebook C116
coral	BLACKTIP360	15604.57.0	Multilaser Chromebook M11HC-PC911
coral	BLACKTIP360	15604.57.0	Positivo Chromebook N2112
coral	BLACKTIP360	15604.57.0	Viglen Chromebook 360C
coral	BLACKTIPLTE	15604.57.0	CTL Chromebook NL7 LTE
coral	BLUE	15604.57.0	Acer Chromebook 15 (CB315-1H, CB315-1HT)
coral	BRUCE	15604.57.0	Acer Chromebook Spin 15 (CP315)
coral	duplicate	15604.57.0	ASUS Chromebook C403
coral	EPAULETTE	15604.57.0	Acer Chromebook 514
coral	LAVA	15604.57.0	Acer Chromebook Spin 11 (CP311-1H, CP311-1HN)
coral	NASHER	15604.57.0	Dell Chromebook 11 (5190)
coral	NASHER360	15604.57.0	Dell Chromebook 11 2-in-1 (5190)
coral	RABBID	15604.57.0	ASUS Chromebook C423
coral	RABBID	15604.57.0	ASUS Chromebook CX1400CNA
coral	ROBO	15604.57.0	Lenovo 100e Chromebook
coral	ROBO360	15604.57.0	Lenovo 500e Chromebook
coral	SANTA	15604.57.0	Acer Chromebook 11 (CB311-8H, CB311-8HT)
coral	WHITETIP	15604.57.0	CTL Chromebook J41 / J41T
coral	WHITETIP	15604.57.0	PCmerge Chromebook AL116
coral	WHITETIP	15604.57.0	Prowise Chromebook Eduline
coral	WHITETIP	15604.57.0	Sector 5 E3 Chromebook
coral	WHITETIP	15604.57.0	Viglen Chromebook 11C
coral	WHITETIP	15604.57.0	whitetip
corsola	MAGNETON	15604.57.0	IP Slim 3 Chrome 14M868
corsola	RUSTY	15604.57.0	Lenovo 100e Chromebook Gen 4
corsola	STEELIX	15604.57.0	Lenovo 300e Yoga Chromebook Gen 4
corsola	TENTACOOL	15604.57.0	ASUS Chromebook CM14 (CM1402C)
corsola	TENTACRUEL	15604.57.0	ASUS Chromebook CM14 Flip (CM1402F)
corsola	VOLTORB	15604.57.0	Acer Chromebook 311(C723,C723-TCO,C723T,C723T-TCO)
cyan	CYAN	14816.131.0	Acer Chromebook R11 (CB5-132T, C738T)
daisy-skate	SKATE	12105.100.0	HP Chromebook 11 G2
daisy	SNOW	12105.100.0	Samsung Chromebook - XE303
daisy-spring	SPRING	11316.165.0	HP Chromebook 11 G1
dedede	BEETLEY	15604.57.0	Lenovo Flex 3i Chromebook 15 IdeaPad Flex 3i Chromebook (15, 7)
dedede	BLIPPER	15604.57.0	Lenovo 3i-15 Chromebook
dedede	BOOKEM	15604.57.0	Lenovo 100e Chromebook Gen 3 (Intel)
dedede	BOTEN	15604.57.0	Lenovo 500e Chromebook Gen 3
dedede	BOTENFLEX	15604.57.0	Lenovo Flex 3i-11 Chromebook / IdeaPad Flex 3i Chromebook (11", 6)
dedede	BUGZZY	15604.57.0	Galaxy Chromebook 2 360
dedede	CRET	15604.57.0	Dell Chromebook 3110
dedede	CRET360	15604.57.0	Dell Chromebook 3110 2-in-1
dedede	DRAWCIA	15604.57.0	HP Chromebook x360 11 G4 EE
dedede	DRAWCIA	15604.57.0	HP Fortis x360 11 G3 J Chromebook / HP Fortis x360 11 G3 J Chromebook Enterprise
dedede	DRAWLAT	15604.57.0	HP Chromebook 11 G9 EE
dedede	DRAWMAN	15604.57.0	HP Chromebook 14 G7
dedede	DRAWPER	15604.57.0	HP Fortis 14 G10 Chromebook
dedede	GALITH	15604.57.0	ASUS Chromebook CX1500CKA
dedede	GALITH360	15604.57.0	CX1500FKA
dedede	GALLOP	15604.57.0	ASUS Chromebook CX1700CKA
dedede	GALNAT	15604.57.0	ASUS Chromebook CX1 CX1102
dedede	GALNAT360	15604.57.0	ASUS Chromebook Flip CX1 CX1102
dedede	GALTIC	15604.57.0	ASUS Chromebook CX1
dedede	GALTIC360	15604.57.0	CX1400FKA
dedede	KRACKO	15604.57.0	CTL Chromebook NL72
dedede	KRACKO	15604.57.0	Edxis Chromebook 11 (S30-C) / Edxis Chromebook 11 (S30-CT)
dedede	KRACKO	15604.57.0	Zyrex Chromebook M432-64/Zyrex Chromebook M432-11
dedede	KRACKO360	15604.57.0	CTL Chromebook NL72T
dedede	KRACKO360	15604.57.0	LG Chromebook 11TC50Q/11TQ50Q
dedede	LANDIA	15604.57.0	HP Chromebook x360 14a-ca1
dedede	LANDRID	15604.57.0	HP Chromebook15a-na0
dedede	LANTIS	15604.57.0	HP Chromebook 14a-na1
dedede	MADOO	15604.57.0	Chromebook x360 14b-cb0
dedede	MAGISTER	15604.57.0	Acer Chromebook Spin 314 (CP314-1H, CP314-1HN)
dedede	MAGLET	15604.57.0	Acer Chromebook 512 (C852)
dedede	MAGLIA	15604.57.0	Acer Chromebook Spin 512 (R853TA) & Acer Chromebook spin 512 (R853TNA)
dedede	MAGLITH	15604.57.0	Acer Chromebook 511 (C734 , C734T, C733-R, C733T-R)
dedede	MAGMA	15604.57.0	Acer Chromebook 315 (CB315-4H , CB315-4HT)
dedede	MAGNETO	15604.57.0	Acer Chromebook 314 (CB314-3H , CB314-3HT, C934, C934T)
dedede	MAGNETO	15604.57.0	Packard Bell Chromebook 314
dedede	MAGNETO	15604.57.0	Packard Bell Chromebook 314(PCB314-2 , PCB314-2T)
dedede	MAGOLOR	15604.57.0	Acer Chromebook Spin 511 (R753T) & Acer Chromebook spin 511 (R753TN) & Acer Chromebook Spin 511(R752T-R)
dedede	MAGPIE	15604.57.0	Acer Chromebook 317
dedede	METAKNIGHT	15604.57.0	NEC Chromebook Y3
dedede	PASARA	15604.57.0	Gateway Chromebook 15
dedede	PIRETTE	15604.57.0	Axioo Chromebook P11/Axioo Chromebook P432
dedede	PIRETTE	15604.57.0	CTL Chromebook PX11E
dedede	PIRETTE	15604.57.0	SPC Chromebook Z1 Mini
dedede	PIRETTE	15604.57.0	Zyrex Chromebook M432-2
dedede	PIRIKA	15604.57.0	Axioo Chromebook P14
dedede	PIRIKA	15604.57.0	CTL Chromebook Enterprise/PX14E/PX14EX/PX14EXT
dedede	PIRIKA	15604.57.0	Gateway Chromebook 14
dedede	SASUKE	15604.57.0	Galaxy Chromebook Go
dedede	SASUKETTE	15604.57.0	Galaxy Chromebook Go 11
dedede	STORO	15604.57.0	ASUS Chromebook CR1100CKA
dedede	STORO360	15604.57.0	ASUS Chromebook Flip CR1100FKA
drallion	DRALLION	15604.57.0	Dell Latitude 7410 Chromebook Enterprise
drallion	DRALLION360	15604.57.0	Dell Latitude 7410 Chromebook Enterprise
edgar	EDGAR	14816.131.0	Acer Chromebook 14 (CB3-431)
elm	ELM	15604.57.0	Acer Chromebook R13 (CB5-312T)
enguarde	ENGUARDE	14092.77.0	ASI Chromebook
enguarde	ENGUARDE	14092.77.0	Crambo Chromebook
enguarde	ENGUARDE	14092.77.0	CTL N6 Education Chromebook
enguarde	ENGUARDE	14092.77.0	Education Chromebook
enguarde	ENGUARDE	14092.77.0	eduGear Chromebook R
enguarde	ENGUARDE	14092.77.0	Edxis Education Chromebook (NL6)
enguarde	ENGUARDE	14092.77.0	JP Sa Couto Chromebook
enguarde	ENGUARDE	14092.77.0	Lenovo N21 Chromebook
enguarde	ENGUARDE	14092.77.0	M&A Chromebook
enguarde	ENGUARDE	14092.77.0	RGS Education Chromebook
enguarde	ENGUARDE	14092.77.0	Senkatel C1101 Chromebook
enguarde	ENGUARDE	14092.77.0	True IDC Chromebook
enguarde	ENGUARDE	14092.77.0	Videonet Chromebook
eve	EVE	15604.57.0	Google Pixelbook
expresso	EXPRESSO	14092.77.0	Bobicus Chromebook 11
expresso	EXPRESSO	14092.77.0	Consumer Chromebook
expresso	EXPRESSO	14092.77.0	Edxis Chromebook
expresso	EXPRESSO	14092.77.0	HEXA Chromebook Pi
falco	FALCO	12239.92.0	HP Chromebook 14 q000-q099 / HP Chromebook 14-SMB Atheros
falco-li	FALCO	12239.92.0	HP Chromebook 14 q000-q099 WP2 / HP Chromebook 14-SMB Intel Corp
fizz	FIZZ	14588.98.0	Chromebox Reference
fizz	JAX	15604.56.0	AOpen Chromebox Commercial 2
fizz	JAX	15604.56.0	Newline Chromebox A10
fizz	KENCH	15604.56.0	HP Chromebox G2
fizz	SION	15604.56.0	Acer Chromebox CXI3
fizz	TEEMO	15604.56.0	ASUS Chromebox 3 (CN65)
fizz	WUKONG	15604.56.0	CTL Chromebox CBx1
fizz	WUKONG	15604.56.0	OWG
fizz	WUKONG	15604.56.0	Promethean Chromebox
fizz	WUKONG	15604.56.0	SMART Chromebox G3
fizz	WUKONG	15604.56.0	ViewSonic NMP660 Chromebox
gandof	GANDOF	13904.77.0	Toshiba Chromebook 2 (2015 Edition)
glimmer	GLIMMER	12239.92.0	Lenovo ThinkPad 11e Chromebook
gnawty	GNAWTY	14092.77.0	Acer Chromebook 11 (CB3-111, C730, C730E)
gnawty	GNAWTY	14092.77.0	Acer Chromebook 11 (CB3-131, C735)
grunt	ALEENA	15604.57.0	Acer Chromebook 315 (CB315-2H)
grunt	BARLA	15604.57.0	HP Chromebook 11A G6 EE/ HP Chromebook 11A G8 EE
grunt	CAREENA	15604.57.0	Chromebook 14-db0
grunt	Duplicate	15604.57.0	HP Chromebook 11A G6 EE / HP Chromebook 11A G8 EE
grunt	KASUMI	15604.57.0	Acer Chromebook 311 (C721)
grunt	KASUMI360	15604.57.0	Acer Chromebook Spin 311 (R721T)
grunt	LIARA	15604.57.0	Lenovo 14e Chromebook, Lenovo Chromebook S345-14
grunt	TREEYA	15604.57.0	100e Gen 2 AST
grunt	TREEYA	15604.57.0	IdeaPad 3 Chromebook (11", 5)
grunt	TREEYA360	15604.57.0	Lenovo 300e Gen 2 AST
grunt	TREEYA360	15604.57.0	NEC Chromebook Y1 Gen2A
guado	GUADO	13729.56.0	ASUS Chromebox 2 (CN62)
guybrush	DEWATT	15604.57.0	Acer Chromebook Spin 514 [CP514-3H, CP514-3HH, CP514-3WH]
guybrush	NIPPERKIN	15604.57.0	HP Elite c645 G2 Chromebook
hana	HANA	15604.57.0	ASUS Chromebook C202XA / C203XA
hana	HANA	15604.57.0	Lenovo 100e Chromebook 2nd Gen MTK
hana	HANA	15604.57.0	Lenovo 300e Chromebook 2nd Gen MTK
hana	HANA	15604.57.0	Lenovo 300e/N23 Yoga/Flex 11 Chromebook
hana	HANA	15604.57.0	Lenovo Ideapad C330 Chromebook
hana	HANA	15604.57.0	Lenovo Ideapad S330 Chromebook
hana	HANA	15604.57.0	Poin2 Chromebook 11C
hana	HANA	15604.57.0	Poin2 Chromebook 14
hana	HANA	15604.57.0	Prowise Chromebook Eduline / Prowise Chromebook Eduline 360
hatch	AKEMI	15604.57.0	IdeaPad Flex 5i Chromebook (13", 5)
hatch	DRAGONAIR	15604.57.0	Chromebook x360 14c-ca0
hatch	DRATINI	15604.57.0	HP Pro c640 Chromebook/HP Pro c640 Chromebook Enterprise
hatch	HELIOS	15604.57.0	ASUS Chromebook Flip C436FA
hatch	JINLON	15604.57.0	Chromebook x360 13c-ca0
hatch	KINDRED	15604.57.0	Acer Chromebook 712 [C871]
hatch	KLED	15604.57.0	Acer Chromebook Spin 713 (CP713-2W)
hatch	KOHAKU	15604.57.0	Samsung Galaxy Chromebook
hatch	NIGHTFURY	15604.57.0	Samsung Galaxy Chromebook 2
heli	HELI	14092.77.0	Haier Chromebook 11 G2
jacuzzi	BURNET	15604.57.0	HP Chromebook x360 11MK G3 EE
jacuzzi	COZMO	15604.57.0	Acer Chromebook  314 (CB314-2H/CB314-2HT)
jacuzzi	DAMU	15604.57.0	ASUS Chromebook Flip CM3200FVA
jacuzzi	ESCHE	15604.57.0	HP Chromebook 11MK G9 EE
jacuzzi	FENNEL14	15604.57.0	IdeaPad 3 Chromebook
jacuzzi	FENNEL	15604.57.0	IdeaPad Flex 3 Chromebook
jacuzzi	JUNIPER	15604.57.0	Acer Chromebook Spin 311 (CP311-3H)
jacuzzi	KAPPA	15604.57.0	HP Chromebook 11a na0
jacuzzi	KAPPA	15604.57.0	HP Chromebook 11a-ne0
jacuzzi	KENZO	15604.57.0	Acer Chromebook 311 (CB311-11H/CB311-11HT)
jacuzzi	MAKOMO	15604.57.0	Lenovo 100e Gen 2
jacuzzi	PICO	15604.57.0	Acer Chromebook Spin 311 - R722T
jacuzzi	WILLOW	15604.57.0	Acer Chromebook 311 (C722/C722T)
kalista	KARMA	15604.57.0	Acer Chromebase CA24I2
kefka	KEFKA	14816.131.0	Dell Chromebook 11 2-in-1 (3189)
kefka	KEFKA	14816.131.0	Dell Chromebook 11 (3180)
kevin	KEVIN	15509.81.0	Samsung Chromebook Plus
kip	KIP	14092.77.0	HP Chromebook 11 G3/G4/G4 EE
kip	KIP	14092.77.0	HP Chromebook 14 G4
kip	NO	14092.77.0	HP Chromebook 11 2100-2199 / HP Chromebook 11 G3
kukui	KAKADU	15604.57.0	ASUS Chromebook Detachable CM3
kukui	KATSU	15604.57.0	ASUS Chromebook Detachable CZ1
kukui	KODAMA	15604.57.0	Lenovo 10e Chromebook Tablet
kukui	KRANE	15604.57.0	Lenovo Chromebook Duet / Lenovo Ideapad Duet Chromebook
lars	LARS	15393.58.0	Acer Chromebook 11 (C771, C771T)
lars	LARS	15393.58.0	Acer Chromebook 14 for Work (CP5-471)
leon	LEON	12239.92.0	Toshiba Chromebook
link	LINK	10895.78.0	Google Chromebook Pixel
lulu	LULU	13904.77.0	Dell Chromebook 13 (7310)
lumpy	LUMPY	10176.76.0	Samsung Chromebook Series 5 550
mccloud	MCCLOUD	12239.92.0	Acer Chromebox
monroe	MONROE	13099.110.2	LG Chromebase (22CB25S)
monroe	MONROE	13099.110.2	LG Chromebase (22CV241)
nami	AKALI	15604.57.0	Acer Chromebook 13 (CB713-1W)
nami	AKALI360	15604.57.0	Acer Chromebook Spin 13 (CP713-1WN)
nami	BARD	15604.57.0	Acer Chromebook 715 (CB715-1W / CB715-1WT)
nami	EKKO	15604.57.0	Acer Chromebook 714 (CB714-1W / CB714-1WT)
nami	PANTHEON	15604.57.0	Lenovo C340-15 Chromebook
nami	PANTHEON	15604.57.0	Lenovo Yoga C630 Chromebook
nami	SONA	15604.57.0	HP Chromebook x360 14
nami	SYNDRA	15604.57.0	Chromebook 15-de0
nami	VAYNE	15604.57.0	Dell Inspiron Chromebook 14 2-in-1 (7486)
nautilus	NAUTILUS	15604.57.0	Samsung Chromebook Plus (LTE)
nautilus	NAUTILUS	15604.57.0	Samsung Chromebook Plus (V2)
ninja	NINJA	14092.77.0	AOpen Chromebox Commercial
nissa	CRAASK	15604.57.0	Acer Chromebook Spin 512 (R856T R856T-TCO R856TN R856TN-TCO R856LT R856LT-TCO R856LTN R856LTN-TCO)
nissa	CRAASKBOWL	15604.57.0	Acer Chromebook Spin 511 (R756T R756T-TCO R756TN R756TN-TCO R756LT R756LT-TCO R756LTN R756LTN-TCO)
nissa	CRAASKVIN	15604.57.0	Acer Chromebook 511( C736, C736T, C736L, C736LT )
nissa	CRAASNETO	15604.57.0	Acer Chromebook 314(C936 /C936T /C936-TCO /C936T-TCO)
nissa	CRAASNETO	15604.57.0	Acer Chromebook 314(CB314-4H / CB314-4HT)
nissa	PUJJO	15604.57.0	Lenovo 500e Yoga Chromebook Gen 4
nissa	PUJJO	15604.57.0	Lenovo Flex 3i Chromebook 12"/IdeaPad Flex 3i Chromebook (12", 8)
nissa	PUJJOTEEN	15572.63.0	14e Chromebook Gen 3 CB 5
nissa	PUJJOTEEN	15604.57.0	14e Chromebook Gen 3
nissa	PUJJOTEEN	15604.57.0	Lenovo Slim 3i Chromebook 14
nissa	XIVU	15604.57.0	CR1102C
nissa	XIVU360	15604.57.0	CR1102F
nissa	YAVIKS	15572.63.0	HP Chromebook Plus 15
nissa	YAVIKS	15604.57.0	HP Chromebook 15.6"
nissa	YAVIKS	15604.57.0	HP Chromebook 15.6" 15w
nocturne	NOCTURNE	15604.57.0	Google Pixel Slate
nyan-big	BIG	12371.75.0	Acer Chromebook 13 (CB5-311, C810)
nyan-blaze	BLAZE	12371.75.1	HP Chromebook 14 G3
nyan-kitty	KITTY	13310.94.2	Acer Chromebase
octopus	AMPTON	15604.57.0	ASUS Chromebook Flip C214 (EDU), ASUS Chromebook Flip C234 (CANADA CONSUMER)
octopus	APEL	15604.57.0	ASUS Chromebook C204
octopus	APELE	15572.63.0	CX1101CMA
octopus	BLOOG	15604.57.0	Chromebook x360 12b-ca0
octopus	BLOOGLET	15604.57.0	HP Chromebook 14a-na0
octopus	BLOOGUARD	15604.57.0	Chromebook x360 14a-ca0
octopus	BLOOGUARD	15604.57.0	Chromebook x360 14b-ca0
octopus	BLORB	15604.57.0	Acer Chromebook 315 (CB315)
octopus	BLUEBIRD	15604.57.0	Samsung Chromebook 4
octopus	BOBBA	15604.57.0	Acer Chromebook 311 (C733, C733U, C733T)
octopus	BOBBA	15604.57.0	Acer Chromebook 311 (CB311-9H, CB311-9HT)
octopus	BOBBA360	15604.57.0	Acer Chromebook Spin 311 (CP311-2H, CP311-2HN)
octopus	BOBBA360	15604.57.0	Acer Chromebook Spin 511 (R752T, R752TN)
octopus	CASTA	15604.57.0	Samsung Chromebook 4+
octopus	DOOD	15604.57.0	NEC Chromebook Y2
octopus	DORP	15604.57.0	Chromebook 14 G6
octopus	DROID	15604.57.0	Acer Chromebook 314 (C933L/LT)
octopus	DROID	15604.57.0	Acer Chromebook 314 (CB314)
octopus	DROID	15604.57.0	Packard Bell Chromebook 314 (PCB314)
octopus	FLEEX	15604.57.0	Dell Chromebook 3100
octopus	FOOB	15604.57.0	CTL Chromebook VX11,  CTL Chromebook VX11T
octopus	FOOB	15604.57.0	Poin2 Chromebook 11P
octopus	FOOB360	15604.57.0	CTL Chromebook VX11T
octopus	FOOB360	15604.57.0	Poin2 Chromebook 11P
octopus	GARFOUR	15604.57.0	CTL Chromebook NL81/NL81T
octopus	GARG	15604.57.0	ADVAN Chromebook 116
octopus	GARG	15604.57.0	Axioo Chromebook
octopus	GARG	15604.57.0	Baicells Chromebook BB01
octopus	GARG	15604.57.0	CTL Chromebook NL71/CT/LTE
octopus	GARG	15604.57.0	Edxis Chromebook 11 (S20-C)
octopus	GARG	15604.57.0	EVERCOSS Chromebook CB1/CB1A
octopus	GARG	15604.57.0	JOI Chromebook C100
octopus	GARG	15604.57.0	Multilaser Chromebook M11C-PC914
octopus	GARG	15604.57.0	Pixart Rxart Chromebook
octopus	GARG	15604.57.0	Poin2 Chromebook 11A
octopus	GARG	15604.57.0	Positivo Chromebook N2210
octopus	GARG	15604.57.0	Sector 5 E4 LTE Chromebook
octopus	GARG	15604.57.0	SPC Chromebook X1 Mini
octopus	GARG	15604.57.0	WS Chromebook A101
octopus	GARG	15604.57.0	XO Chromebook
octopus	GARG	15604.57.0	Zyrex Chromebook M432-1/M432-128/Zyrex Chromebook 360-1
octopus	GARG360	15604.57.0	ADVAN Chromebook 116
octopus	GARG360	15604.57.0	Ascon Chromebook 11A
octopus	GARG360	15604.57.0	Axioo Chromebook 360
octopus	GARG360	15604.57.0	Baicells Chromebook BB01
octopus	GARG360	15604.57.0	CTL Chromebook NL71T/TW/TWB
octopus	GARG360	15604.57.0	Edxis Chromebook 11 (S20-X)
octopus	GARG360	15604.57.0	EVERCOSS Chromebook CB1A
octopus	GARG360	15604.57.0	JOI Chromebook C100
octopus	GARG360	15604.57.0	Multilaser Chromebook M11HC-PC915
octopus	GARG360	15604.57.0	Pixart Rxart Chromebook
octopus	GARG360	15604.57.0	Poin2 Chromebook 11A
octopus	GARG360	15604.57.0	Positivo Chromebook N2212
octopus	GARG360	15604.57.0	SPC Chromebook X1 Mini
octopus	GARG360	15604.57.0	WS Chromebook A101
octopus	GARG360	15604.57.0	Zyrex Chromebook 360
octopus	GRABBITER	15604.57.0	Dell Chromebook 3100 2-in-1
octopus	LASER14	15604.57.0	IdeaPad 3 CB 14IGL05
octopus	LASER14	15604.57.0	Lenovo Chromebook S340-14 and Lenovo Chromebook S340-14 Touch
octopus	LICK	15604.57.0	Ideapad 3 Chromebook
octopus	MEEP	15604.57.0	HP Chromebook x360 11 G2 EE
octopus	MIMROCK	15604.57.0	HP Chromebook 11 G7 EE
octopus	NOSPIKE	15572.63.0	ASUS Chromebook C424
octopus	ORBATRIX	15604.57.0	Dell Chromebook 3400
octopus	PHASER	15604.57.0	Lenovo 100e Chromebook 2nd Gen
octopus	PHASER360	15604.57.0	IdeaPad Flex 3 CB 11IGL05
octopus	PHASER360	15604.57.0	Lenovo 300e/500e Chromebook 2nd Gen
octopus	PHASER360	15604.57.0	Lenovo Chromebook C340-11/300e/500e Chromebook 2nd Gen
octopus	PHASER360	15604.57.0	NEC Chromebook Y1
octopus	PHASER360	15604.57.0	NEC Chromebook Y1 Gen 2
octopus	SPARKY	15604.57.0	Acer Chromebook 512 (C851, C851T)
octopus	SPARKY360	15604.57.0	Acer Chromebook Spin 512 (R851TN)
octopus	VORTICON	15604.57.0	Chromebook 11 G8 EE
octopus	VORTININJA	15604.57.0	Chromebook x360 11 G3 EE
orco	ORCO	14092.77.0	Lenovo 100S Chromebook
panther	PANTHER	12239.92.1	ASUS Chromebox (CN60)
peach-pi	PI	12105.100.0	Samsung Chromebook 2 13"
peach-pit	PIT	12105.100.0	Samsung Chromebook 2 11"
peppy	PEPPY	12239.92.0	Acer Chromebook 11 (C720, C720P)
puff	DOOLY	15604.57.0	HP Chromebase 21.5 inch All-in-One Desktop
puff	DUFFY	15604.57.0	ASUS Chromebox 4
puff	FAFFY	15604.57.0	ASUS Fanless Chromebox
puff	KAISA	15604.57.0	Acer Chromebox CXI4
puff	NOIBAT	15604.57.0	HP Chromebox G3
puff	WYVERN	15604.57.0	CTL Chromebox CBx2/Enterprise CBx2
puff	WYVERN	15604.57.0	Promethean Chromebox 2
puff	WYVERN	15604.57.0	ViewSonic NMP760 Chromebox
puff	WYVERN	15604.57.0	Wyvern MobLab
pyro	PYRO	15604.57.0	Lenovo ThinkPad 11e 4th Gen Chromebook
quawks	QUAWKS	12239.92.0	ASUS Chromebook C300
rammus	LEONA	15604.57.0	ASUS Chromebook C425
rammus	SHYVANA	15604.57.0	ASUS Chromebook Flip C433
rammus	SHYVANA	15604.57.0	ASUS Chromebook Flip C434
			recovery_tool_version=0.9.2#recovery_tool_linux_version=0.9.2#recovery_tool_update=
reef	REEF	15604.57.0	Acer Chromebook Spin 11 (R751T / CP511)
reef	REEF	15604.57.0	ASUS Chromebook Flip C213
reks	REKS	14816.131.0	Lenovo N22 Chromebook
reks	REKS	14816.131.0	Lenovo N23 Chromebook
reks	REKS	14816.131.0	Lenovo N23 Chromebook (Touch)
reks	REKS	14816.131.0	Lenovo N42 Chromebook
relm	RELM	14816.131.0	Acer Chromebook 11 N7 (C731, C731T)
relm	RELM	14816.131.0	CTL NL61 Chromebook
relm	RELM	14816.131.0	EduGear Chromebook R
relm	RELM	14816.131.0	Edxis Education Chromebook (NL6D)
relm	RELM	14816.131.0	HP Chromebook 11 G5 EE
relm	RELM	14816.131.0	Mecer V2 Chromebook
relm	RELM	14816.131.0	N/A
relm	RELM	14816.131.0	Positivo Chromebook C216B
rikku	RIKKU	13816.82.0	Acer Chromebox CXI2 / CXV2
samus	SAMUS	13904.77.0	Google Chromebook Pixel (2015)
sand	SAND	15604.57.0	Acer Chromebook 15 (CB515-1H, CB515-1HT)
sarien	ARCADA	15604.57.0	Dell Latitude 5300 2-in-1 Chromebook Enterprise
sarien	SARIEN	15604.57.0	Dell Latitude 5400 Chromebook Enterprise
scarlet	DRUWL	15509.81.0	AOpen Chromebook Commercial Tab
scarlet	DRUWL	15509.81.0	CTL Chromebook Tablet Tx1 for Education
scarlet	DRUWL	15509.81.0	druwl
scarlet	DUMO	15509.81.0	ASUS Chromebook Tablet CT100
scarlet	SCARLET	15509.81.0	Acer Chromebook Tab 10
sentry	SENTRY	15393.58.0	Lenovo ThinkPad 13
setzer	SETZER	14816.131.0	Chromebook 11-v0
skyrim	FROSTFLOW	15604.56.0	ASUS Chromebook CM34 Flip
skyrim	MARKARTH	15604.56.0	Acer Chromebook Plus 514 (CB514-3H, CB514-3HT)
skyrim	WHITERUN	15604.56.0	Dell Latitude 3445 Chromebook
snappy	SNAPPY	15604.57.0	Chromebook 11-ae0 / Chromebook 11-ae1
snappy	SNAPPY	15604.57.0	Chromebook 14-ca1 / Chromebook 14-ca0
snappy	SNAPPY	15604.57.0	HP Chromebook 11 G6 EE / Chromebook 11a
soraka	SORAKA	15604.57.0	Chromebook x2 12-f0
squawks	SQUAWKS	12239.92.0	ASUS Chromebook C200
stout	STOUT	10895.78.0	Lenovo Thinkpad X131e Chromebook
strongbad	COACHZ	15604.57.0	Chromebook x2 11-da0
strongbad	HOMESTAR	15572.57.0	Lenovo Chromebook Duet 5 / IdeaPad Duet 5 Chromebook
strongbad	QUACKINGSTICK	15604.57.0	Acer Chromebook Tab 510 / Enterprise Tab 510
strongbad	WORMDINGLER	15572.63.0	Lenovo Chromebook Duet 3 / IdeaPad Duet 3 Chromebook / Lenovo Duet Chromebook Education Edition
stumpy	STUMPY	10323.62.0	Samsung Chromebox Series 3
sumo	SUMO	14092.77.0	AOpen Chromebase Commercial
swanky	SWANKY	13904.97.0	Toshiba Chromebook 2
terra	TERRA	14816.131.0	ASUS Chromebook C202SA
terra	TERRA	14816.131.0	ASUS Chromebook C300SA / C301SA
tidus	TIDUS	13904.97.0	Lenovo ThinkCentre Chromebox
tricky	TRICKY	12239.92.0	Dell Chromebox
trogdor	KINGOFTOWN	15604.57.0	HP Fortis 11 G9 Q Chromebook/Chromebook Enterprise
trogdor	LAZOR	15604.57.0	Acer Chromebook Spin 513, CP513-1H/1HL, R841T/LT
trogdor	LIMOZEEN	15604.57.0	Acer Chromebook 511 (C741L/C741LT)
trogdor	PAZQUEL	15604.57.0	Libera-Merdeka Chromebook C100/C110/C120/C150
trogdor	PAZQUEL	15604.57.0	Orbic Chromebook
trogdor	PAZQUEL360	15604.57.0	Prowise Chromebook 360 G1
trogdor	POMPOM	15604.57.0	Dynabook Chromebook C1
ultima	ULTIMA	14816.131.0	Lenovo ThinkPad 11e 3rd Gen Chromebook
veyron-fievel	FIEVEL	14388.61.0	AOpen Chromebox Mini
veyron-jaq	JAQ	13020.87.0	Haier Chromebook 11
veyron-jaq	JAQ	13020.87.0	Lava Xolo Chromebook
veyron-jaq	JAQ	13020.87.0	Medion Chromebook Akoya S2013
veyron-jaq	JAQ	13020.87.0	True IDC Chromebook 11
veyron-jerry	JERRY	13099.110.0	CTL J2 / J4 Chromebook
veyron-jerry	JERRY	13099.110.0	EduGear Chromebook K
veyron-jerry	JERRY	13099.110.0	Epik 11.6" Chromebook  ELB1101
veyron-jerry	JERRY	13099.110.0	HiSense Chromebook 11
veyron-jerry	JERRY	13099.110.0	Mecer Chromebook
veyron-jerry	JERRY	13099.110.0	NComputing Chromebook CX100
veyron-jerry	JERRY	13099.110.0	Poin2 Chromebook 11
veyron-jerry	JERRY	13099.110.0	Positivo Chromebook CH1190
veyron-jerry	JERRY	13099.110.0	VideoNet Chromebook BL10
veyron-mickey	MICKEY	13421.99.0	ASUS Chromebit CS10
veyron-mighty	MIGHTY	13099.110.0	EduGear Chromebook M
veyron-mighty	MIGHTY	13099.110.0	Haier Chromebook 11e
veyron-mighty	MIGHTY	13099.110.0	Lumos Education Chromebook
veyron-mighty	MIGHTY	13099.110.0	MEDION Chromebook S2015
veyron-mighty	MIGHTY	13099.110.0	Nexian Chromebook 11.6"
veyron-mighty	MIGHTY	13099.110.0	PCMerge Chromebook PCM-116E/PCM-116EB
veyron-mighty	MIGHTY	13099.110.0	Prowise Chromebook Entryline
veyron-mighty	MIGHTY	13099.110.0	Sector 5 E1 Rugged Chromebook
veyron-mighty	MIGHTY	13099.110.0	Viglen Chromebook 11
veyron-minnie	MINNIE	13020.87.0	ASUS Chromebook Flip C100PA
veyron-speedy	SPEEDY	13020.87.0	ASUS Chromebook C201PA
veyron-tiger	TIGER	14388.61.0	AOpen Chromebase Mini
volteer	CHRONICLER	15604.57.0	FMV Chromebook 14F, FMV Chromebook WM1/F3
volteer	COLLIS	15604.57.0	ASUS Chromebook Flip CX3
volteer	COPANO	15604.57.0	ASUS Chromebook Flip CX5 (CX5400)
volteer	DELBIN	15604.57.0	ASUS Chromebook Flip CX5 (CX5500), ASUS Chromebook Flip C536
volteer	DELBIN	15604.57.0	ASUS Chromebook Vibe CX55 Flip
volteer	DELBIN	15604.57.0	ASUS Chromebook Vibe CX55 Flip
volteer	DROBIT	15604.57.0	ASUS Chromebook CX9 (CX9400)
volteer	ELDRID	15604.57.0	Chromebook x360 14c-cc0
volteer	ELEMI	15604.57.0	Chromebook 14b-nb0
volteer	LILLIPUP	15604.57.0	IdeaPad Flex 5i Chromebook (13", 6)
volteer	LINDAR	15604.57.0	Lenovo 5i-14 Chromebook
volteer	LINDAR	15604.57.0	Lenovo Slim 5 Chromebook
volteer	VOEMA	15604.57.0	Acer Chromebook Spin 514 (CP514-2H)
volteer	VOLET	15604.57.0	Acer Chromebook 515 (CB515-1W/CB515-1WT)
volteer	VOLTA	15604.57.0	Acer Chromebook 514 (CB514-1W/CB514-1WT)
volteer	VOXEL	15604.57.0	Acer Chromebook Spin 713 (CP713-3W)
winky	WINKY	14092.77.0	Samsung Chromebook 2 11" - XE500C12
wizpig	WIZPIG	14816.131.0	CTL J5 Chromebook
wizpig	WIZPIG	14816.131.0	Edugear CMT Chromebook
wizpig	WIZPIG	14816.131.0	Haier Chromebook 11 C
wizpig	WIZPIG	14816.131.0	Multilaser Chromebook M11C
wizpig	WIZPIG	14816.131.0	PCMerge Chromebook PCM-116T-432B
wizpig	WIZPIG	14816.131.0	Prowise Chromebook Proline
wizpig	WIZPIG	14816.131.0	Viglen Chromebook 360
wolf	WOLF	12239.92.1	Dell Chromebook 11
x86-alex-he	SAMS	9334.72.0	Samsung Chromebook Series 5
x86-mario	IEC	9000.91.0	Google Cr-48
x86-zgb-he	ACER	9334.72.0	Acer AC700-1099 Wifi
zako	ZAKO	12239.92.0	HP Chromebox G1
zork	BERKNIP	15604.57.0	Chromebook 14b-na0
zork	DIRINBOZ	15604.57.0	HP Chromebook 14a-nd0
zork	EZKINIL	15604.57.0	Acer Chromebook Spin 514  (CP514-1H, CP514-1W, CP514-1WH, CP514-1HH)
zork	GUMBOZ	15604.57.0	HP Chromebook x360 14a-cb0
zork	JELBOZ360	15604.57.0	ASUS Chromebook Flip CM1 (CM1400)
zork	MORPHIUS	15604.57.0	Lenovo ThinkPad C13 Yoga Chromebook / Lenovo ThinkPad C13 Yoga Chromebook Enterprise
zork	VILBOZ14	15604.57.0	Lenovo 14e Chromebook Gen 2
zork	VILBOZ	15604.57.0	Lenovo 100e Chromebook Gen 3
zork	VILBOZ360	15604.57.0	Lenovo 300e Chromebook Gen 3
zork	VILBOZ360	15604.57.0	NEC Chromebook Y1 Gen3A
zork	WOOMAX	15604.57.0	ASUS Chromebook Flip CM5
